{
  "id": "trigger-happy",
  "title": "Trigger Happy",
  "description": "Automate everything in your world by creating triggers for your players to spring traps or anything you can think of!",
  "version": "0.10.01",
  "authors": [{"name": "KaKaRoTo"},{"name": "tposney"}, {"name": "p4535992"}],
  "type": "module",
  "socket": true,
  "includes": [
    "./assets/**",
    "./lang/**",
    "./scripts/**",
    "./styles/**",
    "./templates/**",
    "./module.json",
    "./README.md",
    "./icons/**",
    "./images/**",
    "./packs/**"
  ],
  "media": [
    {
      "type": "icon",
      "location": ""
    },
    {
      "type": "cover",
      "location": ""
    },
    {
      "type": "screenshot",
      "location": ""
    }
  ],
  "languages": [
    {
      "lang": "en",
      "name": "English",
      "path": "lang/en.json"
    },
    {
      "lang": "ja",
      "name": "日本語",
      "path": "lang/ja.json"
    },
    {
      "lang": "zh-tw",
      "name": "正體中文",
      "path": "lang/zh-tw.json"
    }
  ],
  "scripts": [],
  "system": [],
  "esmodules": ["trigger.js", "module/HTMLEnricherTriggers.js"],
  "styles": ["styles/th-fontawesome.css"],
  "packs": [
    {
      "name": "trigger-happy-actors",
      "label": "Trigger Actors",
      "path": "packs/trigger-happy-actors.db",
      "entity": "Actor",
      "package": "trigger-happy",
      "system": "dnd5e"
    },
    {
      "name": "trigger-happy-journals",
      "label": "Trigger Happy Examples",
      "path": "packs/trigger-happy-journal.db",
      "entity": "JournalEntry",
      "package": "trigger-happy"
    }
  ],
  "url": "https://github.com/League-of-Foundry-Developers/fvtt-module-trigger-happy",
  "manifest": "https://github.com/League-of-Foundry-Developers/fvtt-module-trigger-happy/raw/v10/module.json",
  "download": "https://github.com/League-of-Foundry-Developers/fvtt-module-trigger-happy/raw/v10/module.zip",
  "readme": "https://github.com/League-of-Foundry-Developers/fvtt-module-trigger-happy/blob/v10/README.md",
  "changelog": "https://github.com/League-of-Foundry-Developers/fvtt-module-trigger-happy/blob/v0.8.39/changelog.md",
  "bugs": "https://github.com/League-of-Foundry-Developers/fvtt-module-trigger-happy/issues",
  "compatibility": {
    "minimumCoreVersion": 10,
    "compatibleCoreVersion": 10
  },
  "allowBugReporter": true,
  "manifestPlusVersion": "1.2.0",
  "relationships": {}
}
